<?xml version="1.0" encoding="UTF-8"?>
<root>
  <item name="com.yanzhenjie.durban.Durban com.yanzhenjie.durban.Durban compressFormat(int) 0">
    <annotation name="android.support.annotation.IntDef">
      <val name="value" val="{com.yanzhenjie.durban.Durban.COMPRESS_JPEG, com.yanzhenjie.durban.Durban.COMPRESS_PNG}" />
    </annotation>
  </item>
  <item name="com.yanzhenjie.durban.Durban com.yanzhenjie.durban.Durban gesture(int) 0">
    <annotation name="android.support.annotation.IntDef">
      <val name="value" val="{com.yanzhenjie.durban.Durban.GESTURE_NONE, com.yanzhenjie.durban.Durban.GESTURE_SCALE, com.yanzhenjie.durban.Durban.GESTURE_ROTATE, com.yanzhenjie.durban.Durban.GESTURE_ALL}" />
    </annotation>
  </item>
  <item name="com.yanzhenjie.durban.Durban.FormatTypes">
    <annotation name="android.support.annotation.IntDef">
      <val name="value" val="{com.yanzhenjie.durban.Durban.COMPRESS_JPEG, com.yanzhenjie.durban.Durban.COMPRESS_PNG}" />
    </annotation>
  </item>
  <item name="com.yanzhenjie.durban.Durban.GestureTypes">
    <annotation name="android.support.annotation.IntDef">
      <val name="value" val="{com.yanzhenjie.durban.Durban.GESTURE_NONE, com.yanzhenjie.durban.Durban.GESTURE_SCALE, com.yanzhenjie.durban.Durban.GESTURE_ROTATE, com.yanzhenjie.durban.Durban.GESTURE_ALL}" />
    </annotation>
  </item>
</root>

